doi,refcodes,count,year,url,flags,name_dicts,compound_dicts
10.1134/S1070363221020183,['EPEDEL'],1,2021,https://link.springer.com/article/10.1134/S1070363221020183,1,{},{'9': ['trimethylstannyl-3-methyl-2-(phenylsulfonamido)butanoate']}
10.1134/S1070328419060010,"['GORJEF', 'GORJIJ']",2,2019,https://link.springer.com/article/10.1134/S1070328419060010,1,"{'I': '[Zn(H2O)4(C36H36N24O12)](NO3)2¬∑6.5H2O', 'II': '[Zn(H2O)4-(C36H36N24O12)](NO3)2¬∑7H2O', 'III': '[Co(H2O)4(C36H36N24O12)](NO3)2¬∑7H2O'}",{}
10.1134/S1070363220100242,['EHODIR'],1,2020,https://link.springer.com/article/10.1134/S1070363220100242,1,{},{}
10.1134/S1070328421090086,"['RAFQUO', 'RAFRAV']",2,2021,https://link.springer.com/article/10.1134/S1070328421090086,1,"{'I': '[Mg(pQ)¬∑2DMF]n', 'II': '[Mg(pQ)¬∑2DMAA]n', 'III': '[Mg(pQ)¬∑2(NMP)]n'}",{}
10.1134/S0022476620090139,"['SAJMAV', 'SAJMEZ']",2,2020,https://link.springer.com/article/10.1134/S0022476620090139,1,"{'1': '[Cu(333cptpy)2]n¬∑2nH2O', '2': '[Cu(233cptpy)2(H2O)2]n', '2019': '(Baltimore)'}","{'H333cptpy': ['4‚Ä≤-(3-carboxyphenyl)-3,2‚Ä≤:6‚Ä≤,3‚Ä≥-terpyridine'], 'H233cptpy': ['4‚Ä≤-(2-carboxyphenyl)-3,2‚Ä≤:6‚Ä≤,3‚Ä≥-terpyridine']}"
10.1134/S0022476620080156,"['SAJLEY', 'SAJLIC']",2,2020,https://link.springer.com/article/10.1134/S0022476620080156,1,"{'1': '[Yb(Btca)(Idc)(H2O)]n', '2': '([Yb2(Thz)3¬∑8H2O)]¬∑H2O'}","{'HBtca': ['1H-benzo[d][1,2,3]triazole-5-carboxylic'], 'H3Idc': ['1H-imidazole-4,5-dicarboxylic'], 'H2Thz': ['thiazolo[5,4-d]thiazole-2,5-dicarboxylic']}"
10.1134/S1070328418090014,"['JIPFIA', 'JIPFOG']",2,2018,https://link.springer.com/article/10.1134/S1070328418090014,1,{'II': 'H2L'},"{'H2L': ['2,3-dioxo-5,6,14,15-dibenzo-1,4,8,12-tetraazacyclopentadeca-7,13-dien'], 'H2Nip': ['5-nit-roisophthalic']}"
10.1134/S1063774520060371,['EHIYAY'],1,2020,https://link.springer.com/article/10.1134/S1063774520060371,1,{'1': '{[Zn(L1)¬∑(bpda)]¬∑H2O}n'},{}
10.1134/s1070328419040067,['LOQKUA'],1,2019,https://link.springer.com/article/10.1134/s1070328419040067,1,{'II': '[Cu2(Piv)4(Dmpda)]n'},{}
10.1134/S1070328418120023,"['LOFGIZ', 'LOFGOF']",2,2018,https://link.springer.com/article/10.1134/S1070328418120023,1,"{'I': '[Ba(H2IDC)-(H3HmIDC)(H2O)2]n', 'II': '[Sr(H2HmIDC)]n'}",{}
10.1134/S0036023620070098,"['VUVJEE', 'VUVJII', 'VUVJOO']",3,2020,https://link.springer.com/article/10.1134/S0036023620070098,1,{'III': 'Ho(Htba)3¬∑3H2O'},{'–ù2tba': ['2-thiobarbituric']}
10.1134/S0022476620100169,['ENAZIF'],1,2020,https://link.springer.com/article/10.1134/S0022476620100169,1,{'2': '[{Tb4(OH)4(Œº-ina)2(ina)2(H2O)4}{Re6Se8(CN)6}]¬∑7.5H2O'},{}
10.1134/S0036023619090195,['QOWXUY'],1,2019,https://link.springer.com/article/10.1134/S0036023619090195,1,"{'III': 'Ph4SbOC(O)C6H4(OH-3)¬∑Ph4SbOC(O)C6H4(OSbPh4-3)¬∑–†h–°–ù3', '1': 'Ph4SbOC(O)C6H4(OH-3)', '2': 'Ph4SbOC(O)C6H4(OSbPh4-3)', 'b': 'III1a'}","{'II': ['1,4-cycloxexanedicarboxylate'], 'III': ['3-tetraphenylstiboxybenzoate'], 'IV': ['3-hydroxybenzoate']}"
10.1134/S1070363221080193,"['RAFVUT', 'RAFWAA']",2,2021,https://link.springer.com/article/10.1134/S1070363221080193,1,"{'1': '[Cd(H2L)(ip)H2O]n', '2': '[Cd(H2L)(Hbtc)]n'}","{'H2L': ['3-(1H-pyrazol-4-yl)-5-(pyridin-2-yl)-1,2,4-triazole'], 'H3btc': ['1,3,5-benzenetricarboxylic']}"
10.1134/S1070328421030015,"['EPATOH', 'EPATUN']",2,2021,https://link.springer.com/article/10.1134/S1070328421030015,1,"{'I': '[KCr-(–°pdc)2(H2O)2]n', 'II': '[Na4Cr(Cpdc)3(H2O)6(NO3)]n', 'III': '{[Li8Cr2-(Cpdc)8(H2O)5]¬∑H2O}n'}",{}
10.1134/S1070328419120042,['IHUVUF'],1,2019,https://link.springer.com/article/10.1134/S1070328419120042,1,{'I': '[Cd2(NCS)4(2-Map)3]n'},{'I': ['[Cd2(NCS)4(2-Map)3]n']}
10.1134/S1063774519040187,"['QOWZEK', 'QOWZIO']",2,2019,https://link.springer.com/article/10.1134/S1063774519040187,1,"{'I': '[UO2(suc)(C2N4H4)2]¬∑2H2O', 'II': '[UO2(Deaa)4(H2–û)][(UO2)2(C4H4O4)3]¬∑2Deaa', 'III': '[UO2(Urea)4(H2O)]¬∑[(UO2)2(suc)3]¬∑2Urea'}",{}
10.1134/S1070328418110064,"['ZIQGOY', 'ZIQGUE', 'ZIQHAL']",3,2018,https://link.springer.com/article/10.1134/S1070328418110064,1,"{'I': '[Dy(Terpy)-(H2O)3Fe(CN)6]¬∑nH2O', 'II': '[Dy2(Terpy)2(H2O)3-(CO3)(NCS)Fe(CN)6]¬∑4H2O', 'III': '[Dy2(Terpy)2(H2O)4(CO3)(NCS)Fe(CN)6]¬∑11.4H2O', 'Ia': '[Dy(Terpy)(H2O)3Fe(CN)6]¬∑4.8H2O'}",{}
10.1134/S1070328420120076,['EQEGAL'],1,2021,https://link.springer.com/article/10.1134/S1070328420120076,1,"{'I': '(H2Pydc),{Na3[Gd(Pydc)3]¬∑2H2O}n', 'II': '[Er(HPydc)3]¬∑10H2O'}",{}
10.1134/S0036023621090102,['RAFTEB'],1,2021,https://link.springer.com/article/10.1134/S0036023621090102,1,{'I': '{[Ba3(fur)6(Hfur)2(H2O)8]}n¬∑4nH2O'},{}
10.1134/S1070328420060032,['VUWDEZ'],1,2020,https://link.springer.com/article/10.1134/S1070328420060032,1,"{'I': '[Cd(Abp)-(NO3)2(H2O)]n', 'II': '[Cd(NO3)2-(Abp)2(H2O)2]'}",{}
10.1134/S1070328420040090,"['VUPGAR', 'VUPGEV']",2,2020,https://link.springer.com/article/10.1134/S1070328420040090,1,"{'I': '[Er2(CuL)2-(Nipt)3(H2O)]¬∑0.75H2O', 'II': '[Eu2(NiL)2-(Nipt)3(H2O)]¬∑H2O'}","{'H2L': ['2,3-dioxo-5,6,14,15-dibenzo-1,4,8,12-tetraazacyclo-pentadeca-7,13-dien'], 'H2Nipt': ['5-nitroisophthalic']}"
10.1134/S1070328420040089,['VUPQOP'],1,2020,https://link.springer.com/article/10.1134/S1070328420040089,1,"{'I': '{[Cd6(m-CPhHIDC)4(2,2‚Ä≤-Bipy)6]¬∑4H2O}n'}","{'I': ['{[Cd6(m-CPhHIDC)4(2,2‚Ä≤-Bipy)6]¬∑4H2O}n'], 'Phen': ['1,10-phenanthroline']}"
10.1134/S1070328418120047,['LODQIH'],1,2018,https://link.springer.com/article/10.1134/S1070328418120047,1,"{'I': 'Ag3(4-Amba)2(NO3)2', 'II': 'Ag(4-AmbaH)NO3', 'III': 'Ag3(L)2(NO3)'}","{'I': ['Ag3(4-Amba)2(NO3)2'], 'II': ['Ag(4-AmbaH)NO3']}"
10.1134/S0022476621020153,"['EPELET', 'EPELIX']",2,2021,https://link.springer.com/article/10.1134/S0022476621020153,1,"{'1': '{[Ag2(4,4‚Ä≤-bipy)2][Ag2(P‚ÄìSO3)4]¬∑H2O}n', '2': '{[Ag(dpp)](P‚ÄìSO3)¬∑H2O}n', '2020': '75(6-7)b'}","{'1': ['{[Ag2(4,4‚Ä≤-bipy)2][Ag2(P‚ÄìSO3)4]¬∑H2O}n', '{[Ag(4,4‚Ä≤-bipy)][Ag(P‚ÄìSO)]¬∑HO}'], '4,4‚Ä≤-bipy': ['4,4‚Ä≤-bipyridine'], 'dpp': ['1,3-di(4-pyridyl)propane']}"
10.1134/S0036023620060042,['ZADPAZ'],1,2020,https://link.springer.com/article/10.1134/S0036023620060042,1,{},{}
10.1134/s1070328420060044,['WUSKUT'],1,2020,https://link.springer.com/article/10.1134/s1070328420060044,1,{'I': '[Hg3PrCl9(HIA)(IA)3]nnCl¬∑2nH3O¬∑4nH2O'},{}
10.1134/S0036023621070159,['HAFHOP'],1,2021,https://link.springer.com/article/10.1134/S0036023621070159,1,{'2': 'C6H5N2O6Zn'},{}
10.1134/S1070328419100038,['GORMEI'],1,2019,https://link.springer.com/article/10.1134/S1070328419100038,1,"{'I': '[Bi{S2CN(iso-C4H9)2}2(NO3)]', 'II': '[Bi{S2CN(C3H7)2}2Cl]'}","{'I': ['catena-poly[(Œº2-nitrato-O,{O\',O""})bis(N,N-di-iso-butyldithiocarbamato-S,S\')bismuth(III)]'], 'II': [""catena-po-ly[(Œº2-chloro)bis(N,N-dipropyldithiocarbamato-S,S')bis-muth(III)]""]}"
10.1134/S0022476620070136,['SUXXUH'],1,2020,https://link.springer.com/article/10.1134/S0022476620070136,1,{'1': '[Zn3(bibp)2(HCOO)6]¬∑(H2O)2'},{}
10.1134/S0022476621060147,"['YAMPEL', 'YAMPIP', 'YAMPOV']",3,2021,https://link.springer.com/article/10.1134/S0022476621060147,1,"{'1': '(H2NMe2)[Li5Zn4(DMF)2(Hndc)2(ndc)6]¬∑11DMF¬∑2H2O', '3': '[Zn3(phen)3(btc)2]¬∑DMF¬∑3H2O', '2': '(H2NMe2)[LiZn(NO2-bdc)2]¬∑0.5DMF¬∑0.5H2O'}",{'2': ['(H2NMe2)[LiZn(NO2-bdc)2]¬∑0.5DMF¬∑0.5H2O']}
10.1134/S1063774520030347,['VUYMAG'],1,2020,https://link.springer.com/article/10.1134/S1063774520030347,1,{},"{'L1': ['bis(4-(1H-imidazol-1-yl)phenyl)methanone'], 'trans-H2CHDCA': ['trans-1,2-cyclohexanedicarboxylic']}"
10.1134/S0036023621020212,"['EPELOD', 'EPELUJ']",2,2021,https://link.springer.com/article/10.1134/S0036023621020212,1,"{'1': '{[CsCo(¬µ-HO)(HO-Œ∫O)(¬µ-MeMal)(¬µ-MeMal)]¬∑HO}', '2': ""{[–°sCo(HO-Œ∫O)(Œº-HO)(Œº-HO)(Œº-OH)(Œº-MeMal-Œ∫O,O')(Œº-MeMal-Œ∫O,O')(Œº-MeMal-Œ∫O,O')(Œº-MeMal)]¬∑40HO}""}",{}
10.1134/S0036023620100228,['EHOLEV'],1,2020,https://link.springer.com/article/10.1134/S0036023620100228,1,"{'1': '[Cu3(¬µ3-OH)(¬µ-Ipz)3Cl2¬∑2CH3CN]2', '2': '[Cu3(¬µ3-OH)(¬µ-Ipz)3Br2]n'}","{'1': ['[Cu3(¬µ3-OH)(¬µ-Ipz)3Cl2¬∑2CH3CN]2'], '2': ['[Cu3(¬µ3-OH)(¬µ-Ipz)3Br2]n']}"
10.1134/S0036023620010192,"['ADUTAV02', 'VUNXUA']",2,2020,https://link.springer.com/article/10.1134/S0036023620010192,1,"{'1': 'Mn[(OOCPh]2[O(H)Me]4)', '2': ""{[(¬µ-Œ≥,Œ≥'-dipy)Mn(¬µ-OOCPh)]2}n""}",{}
10.1134/S0036023619090055,['QOZPIH'],1,2019,https://link.springer.com/article/10.1134/S0036023619090055,1,"{'IV': '[Cu(NA)2(SiF6)(H2O)2]¬∑2H2O', 'V': '(HNA)2SiF6'}",{}
10.1134/S0022476621040090,"['YAMVER', 'YAMVIV']",2,2021,https://link.springer.com/article/10.1134/S0022476621040090,1,{},{}
10.1134/S107032841809004X,['JIQDOF'],1,2018,https://link.springer.com/article/10.1134/S107032841809004X,1,"{'I': '{[Ag5(L1)5]-(NO3)5}n', 'II': '[Ag(L2)(NO3)]', 'III': '[Ag(L3)(NO3)(CH3CN)]'}",{}
10.1134/S1070328418110039,['WITHOZ'],1,2018,https://link.springer.com/article/10.1134/S1070328418110039,1,{'I': '[Na3KCu5(Tar)2(HTar)2(H2O)7]'},{}
10.1134/S0036023621060206,"['YAMPUB', 'YAMQIQ']",2,2021,https://link.springer.com/article/10.1134/S0036023621060206,1,"{'2': '({[Ni2(¬µ-OH2)(¬µ-OOCCF3)2(OOCCF3)2(OH2)2(O(CH2CH2)2O)]2[¬µ-O(CH2CH2)2O)]¬∑5O(CH2CH2)2O}n', '4': '{[Mn2(¬µ-OOCCF3)3(OOCCF3)(OH2)][¬µ-O(CH2CH2)2O]2}n', '3': '{Ni(OOCCF3)2(OH2)4‚ãÖ[O(CH2CH2)2O]}n', '1': '({[Zn3(¬µ-OH2)2(¬µ-OOCCF3)4(OOCCF3)2(OH2)2][¬µ-O(CH2CH2)2O)]¬∑3O(CH2CH2)2O}n'}",{}
10.1134/S0022476620120148,"['ENECEI', 'ENECIM', 'ENECOS']",3,2020,https://link.springer.com/article/10.1134/S0022476620120148,1,"{'1': '[Li(DMF)(HBr2-bdc)]', '2': '(Me2NH2)[Zn(Hadc)(adc)]¬∑DMF¬∑H2O', '3': '(Me2NH2)[LiZn(NO2-bdc)2]¬∑DMF'}","{'1': ['[Li(DMF)(HBr2-bdc)]'], '3': ['Me2NH2)[LiZn(NO2-bdc2]¬∑DMF', '(Me2NH2)[LiZn(NO2-bdc)2]¬∑DMF']}"
10.1134/S0022476620070197,['SAJFES'],1,2020,https://link.springer.com/article/10.1134/S0022476620070197,1,{'1': '[In2Na(H2O)6(ddba)3](NO3)(H2O)7'},"{'H2ddba': ['4,4‚Ä≤-dithiodibenzoic']}"
10.1134/S0022476620120124,['ENAWOI'],1,2020,https://link.springer.com/article/10.1134/S0022476620120124,1,"{'Synthesis.': 'Sm(NO3)3¬∑6H2O', '1': '[Sm(Htib)(NO3)4]n'}",{}
10.1134/S106377451907006X,['DIXPIL02'],1,2019,https://link.springer.com/article/10.1134/S106377451907006X,1,{'1': '[Hg(L)Cl2]'},{'L': ['pyridine-2-ylmethylenamine']}
10.1134/S0022476621060093,"['YAMNEJ', 'YAMNIN']",2,2021,https://link.springer.com/article/10.1134/S0022476621060093,1,"{'1': '[Sc2(HCOO)2(OH)2(bpydc)]¬∑2H2O', '2': '[Sc(HCOO)(bdc)]'}",{}
10.1134/S0022476621020098,"['EPAXUR', 'EPEJUH']",2,2021,https://link.springer.com/article/10.1134/S0022476621020098,1,"{'1': '{[Co(L1)2(H2O)2](fdc)(H2O)2.5}n', '2': '[Cd(L1)(tpdc)(H2O)]n'}","{'L1': ['bis(4-(1H-imidazol-1-yl)phenyl)methanone'], 'H2fdc': ['furan-2,5-dicarboxylic'], 'H2tpdc': ['thiophene-2,5-dicarboxylic']}"
10.1134/S002247662012015X,"['ENATUL', 'ENAVAT', 'ENAVEX']",3,2020,https://link.springer.com/article/10.1134/S002247662012015X,1,"{'1': '[Eu(DMF)2(NO3)(btdc)]¬∑DMF', '2': '[Eu2(H2O)2(DMF)(btdc)3]¬∑H2O¬∑3DMF', '3': '[Eu2(DMF)4(ttdc)3]¬∑4DMF', '3act': '[Eu(DMF)(ttdc)]', '.': '3‚äÉC6H6'}",{}
10.1134/S0036023619100036,"['RUGFIL', 'RUGFOR', 'RUGFUX']",3,2019,https://link.springer.com/article/10.1134/S0036023619100036,1,"{'1': '{dipyNi(OOCPh)[O(H)Me]}', '3': '{dipyCo(OOCPh)[O(H)Me]}', '4': '{(dipy)2Co2(¬µ-OOCPh)2(Œ∑2-OOCPh)2¬∑MeOH}n'}","{'4)': ['{(dipy)2Co2(¬µ-OOCPh)2(Œ∑2-OOCPh)2¬∑MeOH}n'], '4': ['{(dipy)2Co2(¬µ-OOCPh)2(Œ∑2-OOCPh)2¬∑MeOH}n']}"
10.1134/S1070328420010066,"['VUNVAE', 'VUNVEI']",2,2020,https://link.springer.com/article/10.1134/S1070328420010066,1,"{'III': '[Gd(Phen)2(Œº-OH){N(CN)2}(H2O)]2Cl2', 'I': '[Eu(Phen){N(CN)}Cl(CHOH)](CHOH)', 'II': '[Nd(Phen){N(CN)}Cl(CHOH)](CHOH)'}",{}
10.1134/S1070328421010036,"['EQEBEK', 'EQEBIO']",2,2021,https://link.springer.com/article/10.1134/S1070328421010036,1,"{'I': '[Bi{S2CN(C3H7)2}Cl2]n', 'II': '[Bi{S2CN(iso-C4H9)2}2Cl]'}","{'I': [""catena-poly[di(Œº2-chloro)-(N,N-dipropyldithiocarbamato-S,S')bismuth(III)]""], 'II': [""catena-poly[(Œº2-chloro)-bis(N,N-di-iso-butyldithiocarbamato-S,S')bis-muth(III)]""]}"
10.1134/S002247662008017X,"['ZAHKOM', 'ZAHKUS']",2,2020,https://link.springer.com/article/10.1134/S002247662008017X,1,"{'1': '{[Co(L)](DMF)}', '2': '{[Co2(L)2(H2O)]¬∑3H2O}n'}",{'H2L': ['5-(1H-imidazol-1-yl)isophthalic']}
10.1134/S1070328419120030,"['IHUXOB', 'VUSKEA01']",2,2019,https://link.springer.com/article/10.1134/S1070328419120030,1,{},{}
10.1134/S1070328419010020,"['PODPOQ', 'PODPUW']",2,2019,https://link.springer.com/article/10.1134/S1070328419010020,1,"{'I': '[Dy2Co(CH3COOO)8(H2O)4]n¬∑6nH2O', 'II': '[Dy2Co(CH3COOO)8(H2O)2]n¬∑2nCH3COOH'}",{}
10.1134/S1070328419080049,"['GOSGUT', 'GOSHAA']",2,2019,https://link.springer.com/article/10.1134/S1070328419080049,1,"{'I': '{[Cd-(Hmph)(Otmb)]¬∑H2O}n', 'II': '[Zn(Hmph)(Bpt)2]n'}","{'Itmb': ['1-(imidazo-1-yl)-4-(1,2,4-triazole-1-ylmethyl)benzene'], 'Bpt': ['3,5-bis(4-pyridyl)-1,2,4-triazole']}"
10.1134/S0036023620030183,"['VUPROQ', 'VUPRUW']",2,2020,https://link.springer.com/article/10.1134/S0036023620030183,1,"{'1': '[CoII(edpz)(H2bdpm)3][(H4P2W18O62)]', '2': '[CdII2(mpz)(H2bhpe)2.5(H2O)(H2P2W18O62)]¬∑(ppz)¬∑6H2O', '3': '[CuII3(ppz)(H2bhpe)2(P2W18O62)(H2O)3]¬∑2H2O'}",{}
10.1134/S0036023619090134,"['QOWXEI', 'QOWXIM', 'QOWXOS']",3,2019,https://link.springer.com/article/10.1134/S0036023619090134,1,{},{}
10.1134/S1070328420050012,['VUTBAQ'],1,2020,https://link.springer.com/article/10.1134/S1070328420050012,1,"{'x': '{(NMeH)[Eu-Gd(TDA)(HCOO)]¬∑0.5HO}', 'I': '[(1H-1,2,3-triazole-4,5-di-carboxylato(3-))(Œº-formato)europiate(III)]¬∑0.5hydrate', 'II': '[(1H-1,2,3-triazole-4,5-dicarboxylato(3-))(Œº-formato)gadolinato(III)]¬∑0.5hydrate'}","{'I': ['[(1H-1,2,3-triazole-4,5-di-carboxylato(3-))(Œº-formato)europiate(III)]¬∑0.5hydrate'], 'II': ['[(1H-1,2,3-triazole-4,5-dicarboxylato(3-))(Œº-formato)gadolinato(III)]¬∑0.5hydrate']}"
10.1134/S107032841808002X,['NIPMOR'],1,2018,https://link.springer.com/article/10.1134/S107032841808002X,1,"{'I': 'K[Cd6(Piv)12Cl]¬∑2MeCN', 'II': '[K2Cd3(Piv)8(H2O)6]', 'III': '[Cd(Piv)2(–ù2–û)2]', 'IV': '[K3Cd2(Piv)7(MeCN)2]n', 'V': '[Cd6(Piv)12(MeCN)2]'}",{}
10.1134/S107032842001008X,['VUPMAX'],1,2020,https://link.springer.com/article/10.1134/S107032842001008X,1,{'I': '{[Bi(Pyz)I3]}'},{}
10.1134/S1070328421050079,['YAMXIX'],1,2021,https://link.springer.com/article/10.1134/S1070328421050079,1,{'I': '{[Zn2(H2L)(H2EDP)2(H2O)2]¬∑2H2O}n'},{}
10.1134/S107036322012021X,['ENEPUL'],1,2020,https://link.springer.com/article/10.1134/S107036322012021X,1,"{'1': '{[Co2(ltzdc)2(bpe)]¬∑bpe¬∑4H2O}n', '2': 'Co(II)-MOF'}",{}
10.1134/S1070328420080072,['VUYTAN'],1,2020,https://link.springer.com/article/10.1134/S1070328420080072,1,{'I': '[Ba(HTATB)-(H2O)2](DMF)4'},{}
10.1134/s1070363220110250,['EKUBUK'],1,2020,https://link.springer.com/article/10.1134/s1070363220110250,1,{'1': '[Zn(hmph)(bibp)]n'},{}
10.1134/S1070328418090026,"['JITJAA', 'JITKAB']",2,2018,https://link.springer.com/article/10.1134/S1070328418090026,1,"{'I': '[Cu2(o-Cpia)(OH)(Bitb)0.5]n', 'II': '{[Zn7(OH)4(Bta)4(H2O)2](H2NMe2)2-(DMF)3}n'}","{'H3o-Cpia': ['5-(2-carboxy-phenoxy)-isophthalic'], 'Bitb': ['1,4-bis(1,2,4-triazol-1-yl)-butane'], 'H3Bta': ['biphenyl-3‚Ä≤-nitro-3,4‚Ä≤,5-tricarboxylic'], 'DMF': ['N,N‚Ä≤-dimethylformamide']}"
10.1134/S1070328420010078,"['FIPGUH01', 'VUNWOT']",2,2020,https://link.springer.com/article/10.1134/S1070328420010078,1,"{'I': '[EuCd2(O2CC6F5)6(NO3)(Bipy)2]', 'IV': '[Cd3(Bbdc)3(Bipy)2]3n¬∑4nMeCN¬∑nH2O', 'V': '[Cd2(Bdc)2(Phen)2]n¬∑2nDMF', 'II': '[TbCd(Bzo)(NO)(Phen)]¬∑4MeCN', 'III': '[EuCd(Bzo)(NO)(Phen)]¬∑4MeCN'}",{}
10.1134/S0022476621010133,['EPEHIT'],1,2021,https://link.springer.com/article/10.1134/S0022476621010133,1,"{'1': '[Mn(H2O)4(L1)2](bz)2', '2': '{[Zn(L1)(bz)2]}n', 'L1': '{[Zn(L)(bz)]}(2)'}",{'2)': ['bis(4-(1H-imidazol-1-yl)phenyl)']}
10.1134/S1063774519070228,['IJALOX'],1,2019,https://link.springer.com/article/10.1134/S1063774519070228,1,{'1': '{[Co(C19H14N4O2)2(H2O)2]¬∑(HCOO)2¬∑H2O}n'},"{'L1': ['bis(4-(1H-imidazol-1-yl)phenyl)methanone'], 'BPYDB': [""4,4'-(4,4'-bipyridine-2,6-diyl)-dibenzoic""], 'bpa': ['1,2-bis(4-pyridyl)ethane'], '4bpdb': ['1,4-bis(4-pyridyl)-2,3-diaza-1,3-butadiene']}"
10.1134/S0036023621090035,"['ODIMUN', 'ODINAU']",2,2021,https://link.springer.com/article/10.1134/S0036023621090035,1,"{'I': '[Cd3(CH3OH)10(oFBPDC)3]¬∑2CH3OH', 'II': '[Cd(CH3OH)3(oFBPDC)]'}",{}
10.1134/S1070363220060237,['VUZTES'],1,2020,https://link.springer.com/article/10.1134/S1070363220060237,1,"{'1': '[Co2(H2L)2(4,4‚Ä≤-bpy)3(H2O)4]n¬∑2nH2O'}","{'1': ['[Co2(H2L)2(4,4‚Ä≤-bpy)3(H2O)4]n¬∑2nH2O', '[Co(HL)(4,4‚Ä≤-bpy)(HO)]¬∑2nHO', '[Co(HL)(4,4‚Ä≤-bpy)(HO)]¬∑3nHO'], 'cds': ['4-connected'], '4,4‚Ä≤-bpy': ['4,4‚Ä≤-bipyridine']}"
10.1134/S106377451807026X,['WITDIP'],1,2018,https://link.springer.com/article/10.1134/S106377451807026X,1,{'1': '[Co(npa)(L1)(H2O)2]n'},{}
10.1134/S0022476620070173,['ZAHJOL'],1,2020,https://link.springer.com/article/10.1134/S0022476620070173,1,{'1': '{[Co2(TCPP)(BPY)](DMF)3}n'},{}
10.1134/S1070328420050036,['VUZLAG'],1,2020,https://link.springer.com/article/10.1134/S1070328420050036,1,{'I': '[Mn3(HL)2(H2O)6]n'},"{'H4L': ['3-(2,4-dicarboxyphenyl)-2,6-dicarboxypyridine']}"
10.1134/S1070363221050224,['UZUMIO'],1,2021,https://link.springer.com/article/10.1134/S1070363221050224,1,{'1': '[Hg2(P‚ÄìSO3)(NO3)]n'},{}
10.1134/S1070328419070054,"['GORDID', 'GOSFEC']",2,2019,https://link.springer.com/article/10.1134/S1070328419070054,1,"{'I': '{[Zn(HL)(HBpp)]¬∑H2O}n', 'II': '[Cd(HL)(HBpe)]n'}","{'H4L': ['2,3-dicarboxy'], 'Bpp': ['1,3-bis(4-pyridyl)propane'], 'Bpe': ['1,2-bis(4-pyridyl)ethylene']}"
10.1134/S0022476621060111,['YAMTEP'],1,2021,https://link.springer.com/article/10.1134/S0022476621060111,1,{'1': '{[Co(BPDP)(H2O)4]¬∑2BPDP¬∑2NO3}n'},{}
10.1134/S1070328421040011,['URUZOZ'],1,2021,https://link.springer.com/article/10.1134/S1070328421040011,1,"{'I': '{Zn4(BDC)3-(OAc)2(DMF)4}', 'II': '(MOF-5)'}",{}
10.1134/S1063774519070290,['TUCMUC'],1,2019,https://link.springer.com/article/10.1134/S1063774519070290,1,{},{}
10.1134/S1070363221060220,['HABZIX'],1,2021,https://link.springer.com/article/10.1134/S1070363221060220,1,{},{}
10.1134/S0036023619080047,"['GORQIQ', 'GORQOW', 'ZZZJIY04']",3,2019,https://link.springer.com/article/10.1134/S0036023619080047,1,"{'1': 'Zn[(OOCPh]2[O(H)Me]4)', '2': '[Zn(¬µ-OOCPh)3Zn(¬µ-OOCPh)]n', '3': '{Zn(¬µ-dipy)(Œ∑2-OOCPh)(OOCPh)}n', '4': '{Zn[(¬µ-OMe)(¬µ-OOCPh)Zn(OOCPh)]2(¬µ-dipy)2}n'}",{'3': ['{Zn(¬µ-dipy)(Œ∑2-OOCPh)(OOCPh)}n']}
10.1134/S1070328419020106,"['POFHOK', 'POFHUQ', 'POFJOM']",3,2019,https://link.springer.com/article/10.1134/S1070328419020106,1,"{'I': '[Zn2(1,2-–ídc)2(–ípe)2]n¬∑0.25n(Dmf)¬∑0.25nH2O', 'II': '[Zn2(1,2-Bdc)2(Bpp)2]n', 'III': '[Cd(1,2-–ídc)(–ípp)(H2O)]n', 'IV': '[Zn2(1,2-–ídc)2(–ípp)2]n'}","{'I': ['[Zn2(1,2-Bdc)2(Bpe)2]n¬∑0.25n(Dmf)¬∑0.25nH2O'], 'II': ['[Zn2(1,2-Bdc)2(Bpp)2]n'], 'III': ['[Cd(1,2-Bdc)(Bpp)(H2O)]n']}"
10.1134/S1066362221040056,"['RAGBOU', 'SUCCUR03']",2,2021,https://link.springer.com/article/10.1134/S1066362221040056,1,"{'I': '[UO2(OH)(C6H4NO2)(C6H5NO2)]', 'II': '[UO2(C4H4O4)¬∑(H2O)]', 'III': '[UO2(C4H4O4)(L)2]¬∑2H2O'}",{}
10.1134/S107032842102007X,['EPEPEX'],1,2021,https://link.springer.com/article/10.1134/S107032842102007X,1,"{'I': '[{2,6-Me2C6H3N=CMe}2CH]Li-(Ph2C=O)', 'II': '{2,6-Me2C6H3N=C(Me)}2CHC(tert-Bu)=O', 'III': '{[{2,6-Me2C6H3N=C(Me)}2C–°(tert-Bu)=O]Li(THF)}n', 'IV': '[{2,6-Me2C6H3N=C(Me)}2C–°(tert-Bu)=O]2Y(Œº2-Cl)2L-(THF)2'}","{'I': ['[{2,6-Me2C6H3N=CMe}2CH]Li(Ph2C=O)', '[{2,6-Me2C6H3N=CMe}2CH]Li-(Ph2C=O)'], 'II': ['{2,6-Me2C6H3N=C(Me)}2CHC(tert-Bu)=O', '(2,6-Me2C6H3N=CMe)2CH-(ButC=O)'], 'III': ['{[{2,6-Me2C6H3N=C(Me)}2C–°(tert-Bu)=O]Li(THF)}n'], 'IV': ['[{2,6-Me2C6H3N=C(Me)}2C–°(tert-Bu)=O]2Y(Œº2-Cl)2L-(THF)2', '[{2,6-Me2C6H3N=C(Me)}2C–°(tert-Bu)=O]2YCl2Li-(THF)2'], 'tert-Bu)': ['O']}"
10.1134/S1063774521030159,"['ITUVUR', 'ITUWUS']",2,2021,https://link.springer.com/article/10.1134/S1063774521030159,1,"{'I': '{[Ni(H2O)2(1,3-BIP)2]¬∑TFBDC}n', 'II': '{[Cu3(H2O)4(1,3-BIP)6]¬∑(BTC)2¬∑(H2O)15}n'}","{'I': ['{[Ni(H2O)2(1,3-BIP)2]¬∑TFBDC}n'], 'II': ['{[Cu3(H2O)4(1,3-BIP)6]¬∑(BTC)2¬∑(H2O)15}n']}"
10.1134/S1070328421040072,"['FUMJAA01', 'URUTOT']",2,2021,https://link.springer.com/article/10.1134/S1070328421040072,1,"{'I': '[Zn(Bdc)(Bip)‚àôH2O]', 'II': '{[Cd2(Btc)2(H2O)2](H2Bib)¬∑6H2O}'}","{'H2Bdc': ['1,3-benzenedicarboxylic'], 'H3Btc': ['1,3,5-benzenetricarboxylic'], 'Bib': ['1,4-bis(2-methylimidazol-1‚Ä≤-yl)butane'], 'Bip': ['1,5-bis(2-methylimidazol-1-yl)pentane']}"
10.1134/S1070328421020068,['EPIBEN'],1,2021,https://link.springer.com/article/10.1134/S1070328421020068,1,"{'I': '[Cd(Pfbz)2(Phen)]n', 'II': '[Cd(–†fbz)2(–†hen)2]¬∑2MeCN', 'III': '[Zn(H2O)-(–†fbz)2(–†hen)]', 'IV': '[Zn2Cd(–†fbz)6(–†hen)2]‚ãÖ2C6H6', 'V': '[Cd2(H2O)2(Tfbz)4(–†hen)2]', 'VI': '[Cd2-(H2O)2(Tfbz)4(Quin)2]', 'VII': '[Cd(Tfbz)2(Phen)2]‚ãÖHTfbz'}",{}
10.1134/S0036023620120189,"['LALROJ', 'LALRUP', 'LALSAW']",3,2020,https://link.springer.com/article/10.1134/S0036023620120189,1,"{'I': '(DmabaH4)', 'II': '{[Zn(DmabaH2)(H2O)(dmf)]¬∑dmf}n', 'III': '{[Cd(DmabaH2)(H2O)2]¬∑0.5dmf¬∑4H2O}n', 'IV': '{[Mn(DmabaH2)(H2O)(dmf)]¬∑dmf}n'}",{}
10.1134/S0022476620090127,"['ZAHLED', 'ZAHLIH']",2,2020,https://link.springer.com/article/10.1134/S0022476620090127,1,"{'2': '[Co2(dimb)2(Hbpt)2]¬∑H2O', '1': 'C54H42Co3N8O16'}",{}
10.1134/S0036023620110054,['WACWUW'],1,2020,https://link.springer.com/article/10.1134/S0036023620110054,1,{},{}
10.1134/S1070328420080060,"['HUZWAD', 'HUZWIL', 'HUZWUX', 'HUZXAE', 'HUZXIM']",5,2020,https://link.springer.com/article/10.1134/S1070328420080060,1,"{'II': '[Eu2(Pfbz)6(H2O)8]¬∑2H2O', 'III': '[Cd2Eu2(Pfbz)10(Py)4]', 'IV': '[Cd2Eu2(Pfbz)10(Phpy)2(MeCN)2]¬∑5MeCN', 'VI': '[CdEu2(Pfbz)8(Etypy)(H2O)2]n¬∑3nMeCN¬∑n(Etypy)', 'V': '[Cd(Pfbz)2(Lut)]n', 'VII': '[Cd(H2O)(Pfbz)2(Iquin)2]n', 'VIII': '[Cd(–†fbz)2(Biquin)]', 'IX': '[Cd(Pfbz)3]n^-¬∑n(HBquin)+', 'I': '[{Cd(Pfbz)(ùêá2ùêé)4^+}¬∑n(Pfbz)]'}",{'pClBnz)': ['4-chlorobenzoic']}
10.1134/S0022476621030069,"['USADOK', 'USADUQ', 'USAFAY', 'USAFEC']",4,2021,https://link.springer.com/article/10.1134/S0022476621030069,1,"{'1': '[Zn(H2O)2(HCOO)2]¬∑odabco', '2': '[Zn2(Œº-OH)(Œº-odabco)2(HCOO)2](NO3)', '4': '[Zn2(Œº-odabco)3(OAc)2](NO3)2', '3': '[Zn(Œº-odabco)(OAc)]'}",{}
10.1134/S1070328420110032,['EHOHAN'],1,2020,https://link.springer.com/article/10.1134/S1070328420110032,1,"{'I': '[Pb4{S2CN-(C3H7)2}8]', 'II': '[Au{S2CN-(C3H7)2}2][PbCl3]', 'IIa': '([Au{S2CN(C3H7)2}2][PbCl3]¬∑1/2CH3C6H5)n'}",{}
10.1134/S0022476620080077,['ZAHLAZ'],1,2020,https://link.springer.com/article/10.1134/S0022476620080077,1,"{'1': '[Co(bpda)(bimb)(H2O)](H2O)(CH2Cl2)', '2': '{[Co(bdc)(bimb)](H2O)2(DMF)}n'}",{}
10.1134/S0022476620110165,"['ENEQAS', 'ENERIB']",2,2020,https://link.springer.com/article/10.1134/S0022476620110165,1,"{'1': '[Zn(btec)0.5(L1)]n', '2': '[Zn(4-npa)(L2)]n'}","{'2': ['[Zn(4-npa)(L2)]n'], 'H4btec': ['1,2,4,5-benzenetetracarboxylic']}"
10.1134/S1070328419010019,['POFGEZ'],1,2019,https://link.springer.com/article/10.1134/S1070328419010019,1,{'I': '[H2N-(Me)2][Eu3(L)2(HCOO)2(DMF)2(H2O)]'},{}
10.1134/S1070363220020231,"['VUNTOQ', 'VUPMIF']",2,2020,https://link.springer.com/article/10.1134/S1070363220020231,1,"{'1': '[Mn(HL)(ip)]¬∑4nHO', '2': '[Co(HL)(ip)]¬∑4nHO'}","{'H2L': ['3-(1H-pyrazol-4-yl)-5-(pyridin-4-yl)-1,2,4-triazole'], 'H2ip': ['1,3-benzenedicarboxylic']}"
10.1134/S0022476620080168,['ZAHGOI'],1,2020,https://link.springer.com/article/10.1134/S0022476620080168,1,{},{}
10.1134/S1063774519070095,"['TUCJOT', 'TUCMOW']",2,2019,https://link.springer.com/article/10.1134/S1063774519070095,1,"{'I': 'Cu(1,3-bip)(Ac)2', 'II': '{[Cu(H2O)2(1,3-bip)2]¬∑(NO3)2}n', 'III': '{[Cu(1,3-bip)(1,4-bdc)]2¬∑H2O¬∑MeOH}n'}","{'I': ['Cu(1,3-bip)(Ac)2'], 'II': ['{[Cu(H2O)2(1,3-bip)2]¬∑(NO3)2}n'], 'III': ['{[Cu(1,3-bip)(1,4-bdc)]2¬∑H2O¬∑MeOH}n'], '1,3-bip': ['1,3-bis(imidazole)propane']}"
10.1134/S0022476620070203,['ZAHJEB'],1,2020,https://link.springer.com/article/10.1134/S0022476620070203,1,{},"{'H2L': ['6,6‚Ä≤-dimethoxy-2,2‚Ä≤-[1,2-ethylenedioxybis(nitrilomethylidyne)]diphenol']}"
10.1134/S1070328420080023,"['EHOQAW', 'EHOQEA']",2,2020,https://link.springer.com/article/10.1134/S1070328420080023,1,"{'I': '{[(Zn(Bbtm)(H2O)4](NO3)2}n)', 'II': '{[Cu(Bbtm)(NO3)2]n}'}","{'1d': ['1,1-dimethyloxirane']}"
10.1134/S1063774519070034,['TUCMIQ'],1,2019,https://link.springer.com/article/10.1134/S1063774519070034,1,{},{'HL': ['1H-benzimidazole-2-methanol']}
10.1134/S1070328421020019,"['EPEGAK', 'EPEGEO', 'EPEGIS', 'EPEGOY']",4,2021,https://link.springer.com/article/10.1134/S1070328421020019,1,"{'I': '[KCr(Cbdc)2(H2O)2]n', 'II': '{[K4Cr2(OMe)2(Cbdc)4-(MeOH)6]¬∑MeOH}n', 'III': '[K3Cr(Cbdc)3(H2O)2]n', 'IV': '[K3Cr(Cbdc)3(MeOH)2(H2O)2]n'}",{}
10.1134/S1070328421030076,['EPEMOE'],1,2021,https://link.springer.com/article/10.1134/S1070328421030076,1,"{'I': '[Cu2L2]', 'II': '[Cu2L(NCNCN)2]n'}",{}
10.1134/S1070328418090075,"['CIWDIY', 'JIQHEZ']",2,2018,https://link.springer.com/article/10.1134/S1070328418090075,1,"{'I': '[Zn2(Bipmo)2(Adip)2¬∑2H2O]n', 'II': '[Zn(Bipmo)(Adip)¬∑2H2O]n'}",{'Bipmo': ['bis(4-(1H-imidazol-1-yl)phenyl)methanone']}
10.1134/S1063774519070265,['IJAKOW'],1,2019,https://link.springer.com/article/10.1134/S1063774519070265,1,"{'L1': ""Bis(4-(2'-methylimidazol)phenyl)sulfone"", 'npa': '[L1Zn(npa)]n'}",{'H2npa': ['4-nitrophthalic']}
10.1134/S1070328419010147,['WITSAW'],1,2018,https://link.springer.com/article/10.1134/S1070328419010147,1,{'I': '[Sr(H2MIDC)2(H2O)2]n'},"{'H3MIDC': ['2-methyl-1H-imidazole-4,5-dicarboxylate']}"
10.1134/S1070328421040047,['URUXEN'],1,2021,https://link.springer.com/article/10.1134/S1070328421040047,1,"{'I': '[Cd(NO3)2(H2O)(3-–êq)]‚ãÖ2MeCN', 'II': '{[Cd(NO3)2(3-–êq)2]‚ãÖMeCN}n'}",{}
10.1134/S1070328418120126,['WIWTUU'],1,2018,https://link.springer.com/article/10.1134/S1070328418120126,1,"{'I': '[Ag(Nim)]n', 'II': '[Ni(Nim)(H2O)4]n'}",{}
10.1134/S1063774520010289,['VUPQEF'],1,2020,https://link.springer.com/article/10.1134/S1063774520010289,1,{'1': '{[Sm(FDC)](FDC)¬∑10HO}'},{}
10.1134/S0022476620070112,"['ZAHNAB', 'ZAHNEF']",2,2020,https://link.springer.com/article/10.1134/S0022476620070112,1,"{'1': '((CH3)2NH2)2[Tb3(H2O)(HCOO)(ndc)5]¬∑3DMF', '2': '[Tb4(DMF)(NMP)6(ndc)6]'}",{}
10.1134/S1070328419020039,['POFDAS'],1,2019,https://link.springer.com/article/10.1134/S1070328419020039,1,{},{}
10.1134/S0022476620070185,['ZAHJIF'],1,2020,https://link.springer.com/article/10.1134/S0022476620070185,1,{'1': '{[Co(L1)](H2O)}n(H2O)'},"{'H2L1': ['3,3‚Ä≤-(pyridine-3,5-diyl)', '3,3‚Ä≤-(pyridine-3,5-diyl)dibenzoic']}"
10.1134/S003602361909016X,"['HIDZOK01', 'QOXCUE']",2,2019,https://link.springer.com/article/10.1134/S003602361909016X,1,{},{}
10.1134/S0022476620090140,"['SAJLOI', 'SAJLUO']",2,2020,https://link.springer.com/article/10.1134/S0022476620090140,1,"{'1': '[CoCl(cptpy)¬∑2H2O]n', '2': '[Co2Cl2(cptpy)2(ma)¬∑H2O]n'}","{'Hcptpy': ['4‚Ä≤-(4-carboxyphenyl)-2,2‚Ä≤:6‚Ä≤,2‚Ä≥-terpyridine', '4‚Ä≤-(4-carboxyphenyl)-2,2‚Ä≤:6‚Ä≤']}"
10.1134/S1070328418090087,['JITJEE'],1,2018,https://link.springer.com/article/10.1134/S1070328418090087,1,"{'I': '[Cd2(Mna)2(Phen)]n', 'II': '{[Mn(Ddca)(Phen)](H2O)}n'}","{'H2Mna': ['6-mercaptonicotinic'], 'Phen': ['1,10-phenanthroline'], 'Mna': ['6-mercaptonicotinic']}"
10.1134/S1070328419100087,"['GOSGIH', 'GOSGON']",2,2019,https://link.springer.com/article/10.1134/S1070328419100087,1,"{'I': '{[Zn2(L)2(HCOO)2]}n', 'II': '{[Cd2(L)3(HCOO)]¬∑2H2O}n'}","{'sql': ['4-connected'], 'dia': ['4-connected']}"
10.1134/S0022476621080138,"['RAFLOD', 'RAFLUJ']",2,2021,https://link.springer.com/article/10.1134/S0022476621080138,1,"{'1': '{[L1Co(ipa)]¬∑0.25(DMF)}n', '2': '{[L2Co(cis-1,3-chdc)]¬∑3(H2O)}n'}","{'2': ['{[L2Co(cis-1,3-chdc)]¬∑3(H2O)}n', '{[L2Co(cis-1,3-chdc)]¬∑3(HO)}'], 'L2': ['bis(4-(1H-imidazol-1-yl)phenyl)methanone'], 'cis-1,3-chdc)': ['cis-1,3-cyclohexanedicarboxylic']}"
10.1134/S1070363221070197,"['YAMGIG', 'YAMGOM']",2,2021,https://link.springer.com/article/10.1134/S1070363221070197,1,"{'1': '{[Mn2(L)(H2O)2]¬∑H2O}n', '2': '{[Co2(L)(H2O)2]¬∑H2O}n'}","{'H4L': ['2-(2,4,6-tricarboxylphenyl)-6-carbxoylbenzimi-dazole']}"
10.1134/S1070328421090049,['RAFPUN'],1,2021,https://link.springer.com/article/10.1134/S1070328421090049,1,{},{}
10.1134/S0022476621050103,"['YANBOI', 'YANBUO']",2,2021,https://link.springer.com/article/10.1134/S0022476621050103,1,"{'1': '[Zn(bitmb)(L)]¬∑2HO', '2': '[Co(bitmb)(L)]¬∑2HO'}","{'bitmb': ['1,3-bis(imidazol-1-ylmethyl)-2,4,6-trimethylbenzene'], 'H2L': ['1,3-bis-(4-carboxy-phenoxy)propane']}"
10.1134/S1070328419020076,['PODXAK'],1,2019,https://link.springer.com/article/10.1134/S1070328419020076,1,"{'IV': '[Cu(L)2][Cu(Mal)2]¬∑4.5H2O', 'V': '[Cu(H2O)6]¬∑An'}",{}
10.1134/S0036023621110218,"['WAWQIY', 'WAWQUK']",2,2021,https://link.springer.com/article/10.1134/S0036023621110218,1,"{'1': '{(¬µ-dipy)Mn[(OOCC5H4)Mn(CO)3]2(Hpz)2}n', '2': '{(¬µ-dipy)Co[Œ∑2-(OOCC5H4)Mn(CO)3][(OOCC5H4)Mn(CO)3](Hdmpz)¬∑Hdmpz}n', '3': 'Co2[(OOCC5H4)Mn(CO)3]4(Phen)2(¬µ-dipy)(OH2)2'}","{'An': ['4-SO', '4-SO3-PhCOO', '¬µ-4-SO']}"
10.1134/S0022476621080060,['ODIGUH'],1,2021,https://link.springer.com/article/10.1134/S0022476621080060,1,"{'1': '[Zn(Bzmal)(EtOH)(H2O)]n', '2': '{[Zn4(Cbdc)4(H2O)4]¬∑2.5H2O}n'}",{}
10.1134/S0022476620080132,['SAJLAU'],1,2020,https://link.springer.com/article/10.1134/S0022476620080132,1,"{'1': '{[Co(5-amipa)(bpe)]¬∑DMF}n', '2': '{[Co(5-amipa)(bpe)](DMA)}n'}","{'2': ['{[Co(5-amipa)(bpe)](DMA)}n', '{[Co(5-amipa)(bpe)](DMA)}'], '1': ['{[Co(5-amipa)(bpe)]¬∑DMF}n', '{[Co(5-amipa)(bpe)]¬∑DMF}'], 'H2amipa': ['5-aminoisophthalic'], 'bpe': ['1,2-bis(4-pyridyl)ethylene'], 'amipa': ['5-aminoisophthalic']}"
10.1134/S0022476620090061,['ZAHREJ'],1,2020,https://link.springer.com/article/10.1134/S0022476620090061,1,{'1': '{[Co2(TIMB)(NO2‚ÄìIPA)2(H2O)2]¬∑H2O}n'},"{'TIMB': ['1,3,5-tris(2-methylimidazol-1-yl)benzene'], 'NO2‚ÄìH2IPA': ['5-nitro-1,3-benzenedicarboxylic']}"
10.1134/S1070328421090062,"['RAFTOL', 'RAFTUR', 'RAFVAZ']",3,2021,https://link.springer.com/article/10.1134/S1070328421090062,1,"{'I': '[Sc(Tdc)(OH)]¬∑1.2DMF', 'II': '[Sc(Tdc)-(OH)]¬∑2/3DMF', 'III': '(Me2NH2)-[Sc3(Tdc)4(OH)2]¬∑DMF'}",{}
10.1134/S1063774520070226,['EHONAT'],1,2020,https://link.springer.com/article/10.1134/S1063774520070226,1,{'1': '{[Co0.5(L1)¬∑(C4H2O4)0.5]¬∑0.25H2O}n'},{'L1': ['4-(1H-imidazol-1-yl)phenyl']}
10.1134/S1070328420080035,"['HABXIV', 'VUQNON']",2,2020,https://link.springer.com/article/10.1134/S1070328420080035,1,"{'I': '[Co(pyzdc)¬∑(H2O)3]n', 'II': '[Cd2-(pyzdc)2(H2O)3]n'}","{'H2pyzdc': ['pyrazine-2,3-dicarboxylic']}"
10.1134/S1063774520070238,['EHOREB'],1,2020,https://link.springer.com/article/10.1134/S1063774520070238,1,{'1': '{[Co(bbipmo)(pa)]}n'},{}
10.1134/S1063774518070246,['WITYOQ'],1,2018,https://link.springer.com/article/10.1134/S1063774518070246,1,{'1': '{[(L1)2Ni(H2O)2]¬∑2(C8H5O4)}n'},{'L1': ['4-(1H-imidazol-1-yl)phenyl)methanone']}
10.1134/S1070328419050026,"['GORDUP', 'GORFAX', 'GORFIF']",3,2019,https://link.springer.com/article/10.1134/S1070328419050026,1,"{'I–∞': 'SQ2ZnL1¬∑C7H8', 'Ib': 'SQ2ZnL1¬∑C6H14', 'III': 'SQZn(L)ZnSQ'}",{}
